Service,Status,Type,Port Dev,Port Prod,Port Test,Health URL,Description
API Gateway,ðŸŸ¢ Healthy,Core,3000,3000,3000,http://localhost:3000/health,Reverse proxy y rate limiting
Admin Panel,ðŸŸ¢ Healthy,Core,3021,4021,5021,http://localhost:3021/health,Panel de administraciÃ³n
AI Service,ðŸŸ¢ Healthy,Core,3002,3002,3002,http://localhost:3002/health,Recomendaciones con IA
Order Service,ðŸŸ¢ Healthy,Core,3004,3004,3004,http://localhost:3004/health,GestiÃ³n de pedidos
Auth Service,ðŸŸ¡ Local,Core,3017,3017,3017,http://localhost:3017/health,AutenticaciÃ³n JWT
Payment Service,ðŸŸ¡ Local,Core,3018,3018,3018,http://localhost:3018/health,Procesamiento de pagos
Notification Service,âšª Optional,Optional,3016,3016,3016,http://localhost:3016/health,Notificaciones
Frontend,âšª Planned,Core,5173,80,5173,http://localhost:5173,AplicaciÃ³n web Vue.js
Grafana,ðŸŸ¢ Healthy,Infrastructure,3011,3011,3011,http://localhost:3011,Monitoreo y dashboards
Prometheus,ðŸŸ¢ Healthy,Infrastructure,9090,9090,9090,http://localhost:9090,MÃ©tricas del sistema
